{
  "best_global_step": null,
  "best_metric": null,
  "best_model_checkpoint": null,
  "epoch": 1.0,
  "eval_steps": 50,
  "global_step": 30,
  "is_hyper_param_search": false,
  "is_local_process_zero": true,
  "is_world_process_zero": true,
  "log_history": [
    {
      "entropy": 1.094694473594427,
      "epoch": 0.33613445378151263,
      "grad_norm": 0.3925919532775879,
      "learning_rate": 0.00016473862847818277,
      "loss": 1.1144,
      "mean_token_accuracy": 0.7228958763182163,
      "num_tokens": 115359.0,
      "step": 10
    },
    {
      "entropy": 0.9909398540854454,
      "epoch": 0.6722689075630253,
      "grad_norm": 0.29079046845436096,
      "learning_rate": 6.298618446600856e-05,
      "loss": 1.0274,
      "mean_token_accuracy": 0.7411147333681584,
      "num_tokens": 223436.0,
      "step": 20
    },
    {
      "entropy": 0.9386199384163587,
      "epoch": 1.0,
      "grad_norm": 0.2597356140613556,
      "learning_rate": 5.862042845640403e-07,
      "loss": 0.9947,
      "mean_token_accuracy": 0.75495311159354,
      "num_tokens": 332652.0,
      "step": 30
    }
  ],
  "logging_steps": 10,
  "max_steps": 30,
  "num_input_tokens_seen": 0,
  "num_train_epochs": 1,
  "save_steps": 50,
  "stateful_callbacks": {
    "TrainerControl": {
      "args": {
        "should_epoch_stop": false,
        "should_evaluate": false,
        "should_log": false,
        "should_save": true,
        "should_training_stop": true
      },
      "attributes": {}
    }
  },
  "total_flos": 3145912795008000.0,
  "train_batch_size": 2,
  "trial_name": null,
  "trial_params": null
}
